position	WT	A	C	D	E	F	G	H	I	K	L	M	N	P	Q	R	S	T	V	W	Y
1	M	-4.594470024108887	-5.9083709716796875	-5.596543312072754	-5.356027603149414	-5.789809226989746	-4.808721542358398	-6.137840270996094	-5.808897018432617	-6.013134002685547	-4.684298515319824	0.0	-6.333440780639648	-5.294879913330078	-5.640193939208984	-4.889095306396484	-5.095223426818848	-5.636185646057129	-4.766216278076172	-5.866157531738281	-6.363653182983398
2	Q	0.4157850742340088	-0.8602912425994873	-1.0750982761383057	-0.9967215061187744	-0.7957279682159424	-0.28539109230041504	-1.149322748184204	-0.9580328464508057	-1.3094208240509033	0.25863194465637207	-1.6265699863433838	-1.5606815814971924	0.053290605545043945	-0.7628772258758545	0.0	0.13050413131713867	-0.49443483352661133	3.082465648651123	-1.762819528579712	-1.6772396564483643
3	R	3.075514793395996	-1.136146068572998	-1.247598648071289	-0.9738101959228516	-0.9956221580505371	-0.5001652240753174	-1.2611374855041504	-1.3870787620544434	-1.3262004852294922	0.0	-1.8734889030456543	-1.5715503692626953	-0.5990312099456787	-0.823969841003418	-0.05361127853393555	-0.269866943359375	-1.0353527069091797	-0.6288061141967773	-1.6447515487670898	-1.7472352981567383
4	A	0.3209261894226074	-1.1381769180297852	-1.0285887718200684	-0.9265332221984863	-0.8251514434814453	0.0	-1.433119297027588	-1.1473541259765625	-1.4168033599853516	0.1614665985107422	-1.4769182205200195	-1.6671123504638672	-0.4590001106262207	-1.1800317764282227	3.2049331665039062	-0.1270003318786621	-0.749840259552002	-0.015414714813232422	-1.569908618927002	-1.8808679580688477
5	V	1.1937119960784912	-0.03301239013671875	0.013343334197998047	0.05815935134887695	0.0	0.8023881912231445	0.13747549057006836	-0.1673908233642578	-0.21635150909423828	4.296125411987305	-0.8996610641479492	-0.35068416595458984	0.7655735015869141	0.22379302978515625	1.0896515846252441	0.936316967010498	0.4185514450073242	0.42642831802368164	-0.9115238189697266	-0.5799484252929688
6	S	-0.1266462802886963	-0.985297679901123	-1.3088107109069824	-1.4340062141418457	-0.6844487190246582	2.8920063972473145	-1.1226530075073242	-1.1489272117614746	-1.7152600288391113	0.3318805694580078	-2.0867319107055664	-1.7648630142211914	-0.11274552345275879	-1.0609941482543945	0.0	-0.1320664882659912	-0.9189658164978027	-0.4262993335723877	-1.8183693885803223	-1.6839709281921387
7	V	0.05188322067260742	-1.1299338340759277	-1.0269722938537598	-0.7452502250671387	2.1614818572998047	-0.27551698684692383	-1.1286201477050781	-1.3283252716064453	-1.1505765914916992	0.0	-1.7546310424804688	-1.5542240142822266	-0.5652823448181152	-0.6765565872192383	0.22650551795959473	-0.23233795166015625	-0.829493522644043	-0.4966316223144531	-1.567312240600586	-1.7574386596679688
8	V	1.3386147022247314	0.22307825088500977	0.20088434219360352	0.0847315788269043	0.43888330459594727	1.0072617530822754	-0.0841059684753418	0.02276134490966797	-0.38034534454345703	1.3964464664459229	-0.6187534332275391	-0.49695348739624023	0.8782193660736084	0.0	4.4299421310424805	1.1528544425964355	0.46543312072753906	0.940483570098877	-0.3326711654663086	-0.4238438606262207
9	A	0.0	-1.1507868766784668	-1.255807876586914	-1.0150628089904785	-1.013028621673584	-0.31937646865844727	-1.0926408767700195	-1.2775859832763672	-1.3012638092041016	3.498432159423828	-1.717827320098877	-1.6158857345581055	-0.15384149551391602	-0.8126788139343262	0.18003273010253906	-0.23238205909729004	-0.7624659538269043	-0.48629283905029297	-1.441493034362793	-1.7091898918151855
10	R	1.1537139415740967	-0.2504236698150635	-0.26773810386657715	-0.27309250831604004	0.0	0.48882365226745605	-0.3512294292449951	-0.3593137264251709	-0.6216275691986084	0.9634041786193848	-1.0269720554351807	-0.8562123775482178	1.0446417331695557	3.245321035385132	0.8364923000335693	0.8646976947784424	0.2602348327636719	0.4626765251159668	-1.117377519607544	-0.9714124202728271
11	L	3.4237990379333496	-1.1548032760620117	-0.9781794548034668	-1.1104192733764648	-1.0914511680603027	-0.05197572708129883	-1.0328335762023926	-1.0291290283203125	-1.4230833053588867	0.05066418647766113	-1.9603052139282227	-1.3935790061950684	0.0	-0.9524650573730469	0.24043989181518555	-0.1533513069152832	-0.6544909477233887	-0.34928321838378906	-1.768815040588379	-1.7594623565673828
12	G	0.8604655265808105	-0.7131471633911133	-0.3066291809082031	0.01592850685119629	-0.5813155174255371	0.5203919410705566	-0.5830798149108887	-0.5142185688018799	-0.1204380989074707	0.7218303680419922	-0.855867862701416	-0.664898157119751	0.3701491355895996	0.0	0.794581413269043	0.5005285739898682	0.16699934005737305	0.3218531608581543	-0.9822039604187012	-1.2364249229431152
13	F	0.34080934524536133	-1.1637835502624512	-1.1877732276916504	-0.9113345146179199	2.191497325897217	-0.46066951751708984	-1.221144676208496	-1.2466216087341309	-1.2927403450012207	0.38967323303222656	-1.312929630279541	-1.7124676704406738	0.0	-0.7299890518188477	-0.008638858795166016	-0.12707042694091797	-0.6126174926757812	-0.11384105682373047	-1.6455655097961426	-1.9216337203979492
14	R	0.0	-0.9956438541412354	-1.0443203449249268	-1.1266191005706787	-0.8031976222991943	-0.421811580657959	-1.1283371448516846	-1.1414210796356201	-1.4325568675994873	0.25621509552001953	-1.6695764064788818	-1.5466277599334717	2.9505558013916016	-0.9350740909576416	-0.02165818214416504	0.010601520538330078	-0.7742345333099365	-0.33147239685058594	-1.5248425006866455	-1.6227843761444092
15	L	0.2643110752105713	-1.1737301349639893	-1.0127465724945068	-0.8547170162200928	-0.9864251613616943	-0.42539024353027344	-1.3321821689605713	-1.2937281131744385	-1.4195878505706787	0.0	-1.9502203464508057	-1.767362356185913	3.075345516204834	-0.8396279811859131	-0.3291473388671875	-0.19838500022888184	-0.8285291194915771	-0.29006266593933105	-2.108476400375366	-1.7870399951934814
16	Q	4.591466903686523	0.0	0.0009622573852539062	0.03316211700439453	0.3332386016845703	0.8105344772338867	-0.05224800109863281	-0.13764572143554688	-0.4350423812866211	1.3417439460754395	-0.7005224227905273	-0.5975246429443359	1.0021843910217285	0.03044605255126953	1.0944812297821045	1.0648159980773926	0.34334516525268555	0.8121957778930664	-0.4340095520019531	-0.5961103439331055
17	A	0.25627851486206055	-0.9954373836517334	-1.087679147720337	-1.2036068439483643	-0.8350956439971924	-0.08233880996704102	-1.1079614162445068	-1.0870211124420166	-1.599759817123413	3.5591354370117188	-1.9576313495635986	-1.7191579341888428	-0.036286115646362305	-1.0469815731048584	0.0	-0.021822214126586914	-0.6780688762664795	-0.27263760566711426	-1.812467336654663	-1.7449557781219482
18	F	-0.00932455062866211	2.1630711555480957	-1.117966890335083	-0.9458465576171875	-0.9821567535400391	-0.45952653884887695	-0.9579567909240723	-1.273693323135376	-1.1455185413360596	0.23251938819885254	-1.8323371410369873	-1.5167157649993896	0.0	-0.603708028793335	0.2686164379119873	-0.06557106971740723	-0.6870772838592529	-0.5795695781707764	-1.623236894607544	-1.6408607959747314
19	P	-0.2769639492034912	-1.3238499164581299	-1.6135013103485107	-1.4291245937347412	-1.0772364139556885	-0.8820912837982178	-1.4503734111785889	-1.3941395282745361	-1.5852830410003662	0.0	-1.9523637294769287	-1.8333251476287842	-0.5700170993804932	-1.1739614009857178	3.0383989810943604	-0.39730381965637207	-0.980724573135376	-0.6941030025482178	-1.9411900043487549	-1.990248441696167
20	P	0.18424367904663086	-0.8940267562866211	-1.14570951461792	-1.1021685600280762	-0.6956305503845215	-0.267519474029541	-1.14833402633667	-0.8903393745422363	-1.282120704650879	0.3193955421447754	-1.5406813621520996	-1.4041180610656738	3.042571544647217	-0.9675345420837402	0.15843820571899414	0.0	-0.5865578651428223	-0.25214338302612305	-1.311253547668457	-1.4176788330078125
21	A	1.2657315731048584	0.0	-0.0778656005859375	0.02585601806640625	0.14355993270874023	0.8859353065490723	-0.24275922775268555	-0.12709903717041016	-0.4697537422180176	4.565317153930664	-0.9596819877624512	-0.7235469818115234	0.8575999736785889	0.045722007751464844	0.9903361797332764	0.986168384552002	0.24478626251220703	0.8353943824768066	-0.7477874755859375	-0.6367592811584473
22	L	0.0	-0.9951379299163818	-1.2251808643341064	-1.2415292263031006	-0.8879468441009521	-0.2976646423339844	-1.0135538578033447	-1.2182590961456299	-1.6246426105499268	0.21869301795959473	-2.2096364498138428	-1.7406790256500244	-0.040268659591674805	-0.9121739864349365	0.26507091522216797	3.254981517791748	-0.8511407375335693	-0.4785597324371338	-1.7365047931671143	-1.719728708267212
23	C	-0.0994105339050293	-1.4704341888427734	-1.2966828346252441	-0.9590668678283691	-1.2639265060424805	-0.3078477382659912	-1.33143949508667	-1.4563603401184082	-1.4206790924072266	-0.007891654968261719	1.2113829851150513	-1.8779454231262207	-0.5043792724609375	-0.9343814849853516	0.0	-0.5100784301757812	-1.064201831817627	-0.46033573150634766	-1.6390056610107422	-2.048882007598877
24	R	0.9994888305664062	2.712395429611206	-0.2797544002532959	-0.08689260482788086	-0.2832033634185791	0.43842077255249023	-0.47780323028564453	-0.3016645908355713	-0.4749765396118164	0.8730869293212891	-0.941032886505127	-0.8846306800842285	0.7269315719604492	0.0	0.7186939716339111	0.610565185546875	0.20952463150024414	0.44491004943847656	-1.2980403900146484	-1.1138153076171875
25	P	4.338397979736328	0.07067394256591797	-0.13861560821533203	0.0	0.29030323028564453	0.8565096855163574	-0.02587604522705078	0.08699846267700195	-0.21303367614746094	1.3774197101593018	-0.3954353332519531	-0.3890857696533203	0.8276803493499756	0.2512197494506836	1.3347954750061035	1.0075139999389648	0.34270524978637695	0.690725564956665	-0.1966562271118164	-0.5055384635925293
26	L	0.47699403762817383	-1.005112886428833	-0.7520380020141602	-0.6859307289123535	-0.8660414218902588	0.08519792556762695	-1.2057745456695557	-0.8895318508148193	-1.207519769668579	0.19390249252319336	-1.5175373554229736	-1.4638245105743408	0.029591083526611328	2.5578808784484863	0.09528064727783203	0.05352425575256348	-0.5180771350860596	0.0	-1.7121994495391846	-1.6266930103302002
27	S	0.43166494369506836	-1.114774465560913	-1.124129056930542	2.3133301734924316	-1.0932843685150146	-0.24874448776245117	-1.1165673732757568	-1.0058701038360596	-1.215259313583374	0.0	-1.7833259105682373	-1.423785924911499	0.290987491607666	-0.6983342170715332	0.14636516571044922	-0.009369134902954102	-0.39116978645324707	-0.34786367416381836	-1.783752202987671	-1.6842238903045654
28	C	-0.002770662307739258	-1.5827252864837646	-1.437997579574585	-1.1945970058441162	-1.4952795505523682	-0.5555322170257568	-1.3100097179412842	-1.1748030185699463	-1.1810734272003174	-0.17286014556884766	-1.705536127090454	-1.4207918643951416	-0.32434701919555664	-0.9984443187713623	0.0	-0.4075794219970703	-0.6076512336730957	2.699411392211914	-1.8567726612091064	-1.854095220565796
29	A	-0.12058877944946289	-1.1978936195373535	-1.2676925659179688	-0.9788818359375	-1.1656346321105957	-0.42186880111694336	-1.2943229675292969	-1.213818073272705	-1.1584906578063965	3.35093355178833	-1.7649178504943848	-1.5161328315734863	-0.4298996925354004	-0.9086346626281738	0.0	-0.20881080627441406	-0.7547330856323242	-0.6158075332641602	-1.6618237495422363	-1.750124454498291
30	Q	0.5253138542175293	-0.2026224136352539	-0.46465444564819336	-0.26285552978515625	-0.20649290084838867	0.23595094680786133	-0.30559253692626953	-0.3432765007019043	-0.30293846130371094	0.8095798492431641	-0.9577317237854004	-0.6136045455932617	0.3808598518371582	-0.0028505325317382812	4.115818977355957	0.6136178970336914	0.0	0.13530302047729492	-0.9244132041931152	-0.6570720672607422
31	E	0.20754599571228027	-0.6925554275512695	-0.7858800888061523	-0.571746826171875	-0.5372476577758789	-0.08735942840576172	-0.7437310218811035	-0.585991382598877	-0.4934868812561035	0.4000694751739502	-1.324397087097168	-0.8278079032897949	0.0	-0.3853282928466797	3.751159429550171	0.24793410301208496	-0.21777915954589844	-0.1461472511291504	-1.5020160675048828	-1.0907845497131348
32	V	-0.5351996421813965	-1.372574806213379	-1.6223340034484863	-1.4049062728881836	-1.0727753639221191	-1.0223031044006348	-1.347318172454834	-1.323760986328125	-1.428563117980957	0.0	-1.8947796821594238	-1.67041015625	-0.6352171897888184	-1.094576358795166	-0.18780899047851562	-0.48574256896972656	2.3111329078674316	-0.7691183090209961	-1.9526028633117676	-1.7113747596740723
33	L	1.477325201034546	0.32828760147094727	0.37655019760131836	0.43179988861083984	0.587007999420166	1.3613312244415283	0.21821212768554688	0.42594146728515625	0.17989158630371094	1.6009018421173096	-0.23946332931518555	0.03972434997558594	4.408666610717773	0.34604454040527344	1.4213435649871826	1.3073863983154297	0.7857637405395508	1.1382114887237549	-0.18616008758544922	0.0
34	R	0.0	-1.2975237369537354	-1.1101734638214111	-0.8319091796875	-1.253603219985962	-0.31041526794433594	-1.3027122020721436	-1.2308061122894287	-1.1239135265350342	0.042960166931152344	-1.5573341846466064	-1.4616339206695557	-0.42002248764038086	2.399778127670288	0.05342602729797363	-0.29186344146728516	-0.7531707286834717	-0.37966108322143555	-1.6877796649932861	-1.8816344738006592
35	R	0.4461207389831543	-1.128979206085205	-0.8296389579772949	-0.5485577583312988	-0.978297233581543	-0.1394515037536621	-0.9474034309387207	-0.7857170104980469	-0.8449850082397461	0.1788473129272461	-1.3421287536621094	-1.1712450981140137	-0.13210272789001465	-0.5179600715637207	3.450638771057129	-0.02024388313293457	-0.34738969802856445	0.0	-1.8152508735656738	-1.6104788780212402
36	T	3.5141654014587402	-1.0927271842956543	-1.0474276542663574	-0.8685507774353027	-0.7102622985839844	-0.2545042037963867	-1.1436128616333008	-0.7814421653747559	-0.9516096115112305	0.2830467224121094	-1.4791131019592285	-1.2899842262268066	-0.2058708667755127	-0.7722315788269043	0.06203889846801758	0.0	-0.5640511512756348	-0.20635151863098145	-1.539886474609375	-1.5506587028503418
37	P	-2.8896994590759277	-4.2483673095703125	-4.247057914733887	-4.079892158508301	-4.084559440612793	-3.2297942638397217	-4.5446624755859375	-4.223904609680176	-4.4571533203125	-3.022294282913208	-4.927225112915039	-4.796531677246094	-3.5600900650024414	-4.143929481506348	-3.1964564323425293	-3.267129421234131	-3.9685208797454834	0.0	-4.891481399536133	-5.045351982116699
38	L	0.4883592128753662	-1.0773353576660156	-0.613673210144043	-0.47685909271240234	-0.7492027282714844	0.01305079460144043	-1.107663631439209	-1.0640511512756348	-1.1314678192138672	0.18434786796569824	-1.697679042816162	-1.4435687065124512	-0.002514362335205078	-0.5851221084594727	0.20653009414672852	3.3827481269836426	-0.5886092185974121	0.0	-1.5960030555725098	-1.792731761932373
39	Y	0.0	-1.4737279415130615	-1.3821437358856201	-1.249161958694458	-1.2775547504425049	-0.3906557559967041	-1.6807115077972412	-1.4739162921905518	-1.6871154308319092	-0.30774736404418945	-2.1440393924713135	-2.0301458835601807	-0.4921457767486572	-1.3053596019744873	-0.3595240116119385	-0.3687736988067627	-0.9791686534881592	2.6971793174743652	-2.1262943744659424	-2.3064944744110107
