seq_id,mutations,label
31390,M1T,1
31391,H71P,1
31392,S77L,1
31393,M98R,1
31394,S117L,1
31395,L172P,1
31396,R34C,1
31397,Q183R,1
31398,H42R,1
31399,R222H,1
31400,G47W,1
31401,G47R,1
31402,V50L,1
31403,V50L,1
31404,Y225C,1
31405,F52S,1
31406,F52C,1
31407,A53V,1
31408,L57P,1
31409,P58L,1
31410,R265H,1
31411,R265C,1
31412,D276H,1
31413,S68L,1
31414,H71P,1
31415,R73C,1
31416,R73H,1
31417,S77L,1
31418,I89R,1
31419,R296H,1
31420,R94W,1
31421,V95M,1
31422,M98R,1
31423,R296C,1
31424,G104E,1
31425,I106T,1
31426,R320G,1
31427,R331Q,1
31428,G114E,1
31429,S117L,1
31430,T120I,1
31431,N121S,1
31432,G124E,1
31433,A361V,1
31434,T135A,0
31435,V142G,1
31436,S144F,1
31437,N145S,1
31438,N145I,1
